INSERT INTO Aluno (cpf, nome, data_nascimento, telefone, sexo) VALUES
('11122233344', 'Ana Silva', '2000-01-15', '(11) 98765-4321', 'Feminino'),
('22233344455', 'Bruno Santos', '1995-05-20', '(11) 99887-7665', 'Masculino'),
('33344455566', 'Carla Oliveira', '1998-11-30', '(11) 97777-6666', 'Feminino'),
('44455566677', 'Daniel Souza', '2002-03-10', '(11) 96666-5555', 'Masculino'),
('55566677788', 'Elisa Pereira', '1993-08-25', '(11) 95555-4444', 'Feminino'),
('66677788899', 'Felipe Costa', '1997-04-01', '(11) 94444-3333', 'Masculino'),
('77788899900', 'Giovana Almeida', '2001-07-12', '(11) 93333-2222', 'Feminino'),
('88899900011', 'Henrique Lima', '1996-02-18', '(11) 92222-1111', 'Masculino'),
('99900011122', 'Isabela Rocha', '1999-09-05', '(11) 91111-0000', 'Feminino'),
('00011122233', 'João Gabriel', '2003-12-22', '(11) 90000-9999', 'Masculino'),
('10120230340', 'Laura Mendes', '1994-06-17', '(11) 98765-1234', 'Feminino'),
('20230340450', 'Marcos Neves', '1991-03-08', '(11) 98765-5678', 'Masculino'),
('30340450560', 'Natália Ferreira', '2000-10-29', '(11) 98765-9012', 'Feminino'),
('40450560670', 'Otávio Martins', '1997-01-04', '(11) 98765-3456', 'Masculino'),
('50560670780', 'Paula Rodrigues', '1995-11-14', '(11) 98765-7890', 'Feminino'),
('60670780890', 'Quirino Lopes', '1992-05-09', '(11) 98765-2345', 'Masculino'),
('70780890900', 'Renata Gomes', '1998-02-03', '(11) 98765-6789', 'Feminino'),
('80890909010', 'Sérgio Barbosa', '2004-08-19', '(11) 98765-0123', 'Masculino'),
('90901010120', 'Tatiane Vieira', '1993-04-27', '(11) 98765-4567', 'Feminino'),
('01012020230', 'Ubiratã Pires', '1990-12-06', '(11) 98765-8901', 'Masculino'),
('12132343454', 'Vitória Alves', '2005-06-01', '(11) 98765-3210', 'Feminino'),
('23243454565', 'Wagner Dantas', '1996-09-11', '(11) 98765-7654', 'Masculino'),
('34354565676', 'Xênia Ribeiro', '1991-03-21', '(11) 98765-1098', 'Feminino'),
('45465676787', 'Yago Camargo', '1999-10-02', '(11) 98765-5432', 'Masculino'),
('56576787898', 'Zélia Fontes', '1994-07-28', '(11) 98765-9876', 'Feminino');

INSERT INTO Plano (tipo, valor, validade, descricao) VALUES
('Mensal', 89.90, 30, 'Acesso total à academia por 30 dias.'),
('Trimestral', 239.70, 90, 'Desconto na compra de 3 meses.'),
('Anual', 899.00, 365, 'Melhor custo-benefício, 1 ano de acesso.'),
('Semestral', 479.40, 180, 'Plano de 6 meses com mensalidade reduzida.'),
('Mensal', 99.90, 30, 'Plano Mensal com acesso a todas as aulas.'),
('Trimestral', 269.70, 90, 'Plano Trimestral com aulas especiais.'),
('Anual', 999.00, 365, 'Plano Anual Premium com acompanhamento nutricional.'),
('Mensal', 79.90, 30, 'Plano Básico de musculação.'),
('Semestral', 449.40, 180, 'Plano de 6 meses para musculação e cardio.'),
('Anual', 799.00, 365, 'Plano Anual Econômico.'),
('Mensal', 119.90, 30, 'Mensalidade com Personal Trainer (1x semana).'),
('Trimestral', 319.70, 90, 'Trimestral com Personal Trainer (1x semana).'),
('Mensal', 59.90, 30, 'Plano de Acesso Restrito (apenas fora de pico).'),
('Anual', 699.00, 365, 'Plano Anual para horários reduzidos.'),
('Semestral', 359.40, 180, 'Plano Flex de 6 meses.'),
('Mensal', 129.90, 30, 'Plano Mensal Gold com acesso a todas as unidades.'),
('Trimestral', 350.00, 90, 'Trimestral Gold.'),
('Anual', 1200.00, 365, 'Anual VIP com 2 aulas particulares/mês.'),
('Semestral', 650.00, 180, 'Semestral com acesso a spa e sauna.'),
('Mensal', 85.00, 30, 'Mensalidade para estudantes.'),
('Trimestral', 225.00, 90, 'Trimestral para estudantes.'),
('Anual', 840.00, 365, 'Anual para estudantes.'),
('Mensal', 105.00, 30, 'Plano Mensal Crossfit.'),
('Trimestral', 285.00, 90, 'Plano Trimestral Crossfit.'),
('Anual', 1020.00, 365, 'Plano Anual Crossfit.');

INSERT INTO Matricula (id_aluno, id_plano, status, data_inicio, data_termino) VALUES
(1, 3, 'Ativa', '2024-01-01', '2024-12-31'),
(2, 1, 'Ativa', '2025-11-15', NULL),
(3, 4, 'Inativa', '2023-05-10', '2023-11-10'),
(4, 2, 'Ativa', '2025-10-01', '2025-12-30'),
(5, 5, 'Suspensa', '2024-06-20', NULL),
(6, 6, 'Ativa', '2025-09-01', '2025-11-30'),
(7, 3, 'Cancelada', '2024-03-01', '2024-05-15'),
(8, 1, 'Ativa', '2025-11-25', NULL),
(9, 4, 'Ativa', '2025-08-01', '2026-01-31'),
(10, 2, 'Inativa', '2024-10-10', '2025-01-10'),
(11, 7, 'Ativa', '2025-11-01', '2026-10-31'),
(12, 8, 'Ativa', '2025-12-01', NULL),
(13, 9, 'Inativa', '2024-04-15', '2024-10-15'),
(14, 1, 'Ativa', '2025-11-05', NULL),
(15, 10, 'Ativa', '2025-07-20', '2026-07-20'),
(16, 1, 'Ativa', '2025-10-15', NULL),
(17, 4, 'Cancelada', '2023-11-20', '2024-01-20'),
(18, 11, 'Ativa', '2025-09-05', NULL),
(19, 12, 'Ativa', '2025-11-10', '2026-02-10'),
(20, 13, 'Inativa', '2024-12-01', '2025-01-01'),
(21, 14, 'Ativa', '2025-05-01', '2026-04-30'),
(22, 1, 'Ativa', '2025-12-03', NULL),
(23, 15, 'Suspensa', '2024-07-01', NULL),
(24, 3, 'Ativa', '2025-08-15', '2026-08-14'),
(25, 16, 'Ativa', '2025-11-18', NULL);

INSERT INTO Pagamento (id_aluno, id_plano, data, valor) VALUES
(1, 3, '2024-01-01', 899.00),
(2, 1, '2025-11-15', 89.90),
(4, 2, '2025-10-01', 239.70),
(6, 6, '2025-09-01', 269.70),
(8, 1, '2025-11-25', 89.90),
(9, 4, '2025-08-01', 479.40),
(11, 7, '2025-11-01', 999.00),
(12, 8, '2025-12-01', 79.90),
(14, 1, '2025-11-05', 89.90),
(15, 10, '2025-07-20', 799.00),
(16, 1, '2025-10-15', 89.90),
(18, 11, '2025-09-05', 119.90),
(19, 12, '2025-11-10', 319.70),
(21, 14, '2025-05-01', 699.00),
(22, 1, '2025-12-03', 89.90),
(24, 3, '2025-08-15', 899.00),
(25, 16, '2025-11-18', 129.90),
(2, 1, '2025-12-15', 89.90),
(8, 1, '2025-12-25', 89.90),
(12, 8, '2026-01-01', 79.90),
(14, 1, '2025-12-05', 89.90),
(18, 11, '2025-10-05', 119.90),
(18, 11, '2025-11-05', 119.90),
(18, 11, '2025-12-05', 119.90),
(22, 1, '2026-01-03', 89.90);

INSERT INTO Equipamento (nome, tipo, marca, status) VALUES
('Esteira Elétrica 1', 'Cardio', 'Athletic', 'Disponível'),
('Bicicleta Ergométrica 1', 'Cardio', 'Kikos', 'Disponível'),
('Elíptico 1', 'Cardio', 'Movement', 'Disponível'),
('Leg Press 45°', 'Musculação', 'Hammer', 'Disponível'),
('Supino Reto', 'Musculação', 'Life Fitness', 'Disponível'),
('Cadeira Extensora', 'Musculação', 'Hammer', 'Disponível'),
('Cadeira Flexora', 'Musculação', 'Life Fitness', 'Disponível'),
('Cross Over', 'Musculação', 'Movement', 'Disponível'),
('Remada Cavalinho', 'Musculação', 'Athletic', 'Disponível'),
('Halteres 1kg-10kg', 'Pesos Livres', 'Standard', 'Disponível'),
('Barra W', 'Pesos Livres', 'Standard', 'Disponível'),
('Banco Regulável 1', 'Musculação', 'Kikos', 'Disponível'),
('Esteira Elétrica 2', 'Cardio', 'Athletic', 'Manutenção'),
('Bicicleta Ergométrica 2', 'Cardio', 'Kikos', 'Disponível'),
('Elíptico 2', 'Cardio', 'Movement', 'Disponível'),
('Smith Machine', 'Musculação', 'Hammer', 'Disponível'),
('Puxada Alta (Lat Pulldown)', 'Musculação', 'Life Fitness', 'Disponível'),
('Máquina de Abdominal', 'Musculação', 'Movement', 'Disponível'),
('Esteira Elétrica 3', 'Cardio', 'Athletic', 'Disponível'),
('Bicicleta Spinning 1', 'Cardio', 'SpinPro', 'Disponível'),
('Caneleiras (Diversos Pesos)', 'Pesos Livres', 'Standard', 'Disponível'),
('Banco Scott', 'Musculação', 'Hammer', 'Disponível'),
('Máquina de Panturrilha Sentada', 'Musculação', 'Life Fitness', 'Disponível'),
('Máquina de Glúteo', 'Musculação', 'Movement', 'Indisponível'),
('Step 1', 'Funcional', 'Standard', 'Disponível');

INSERT INTO Exercicio (id_equipamento, nome, descricao, grupo_muscular) VALUES
(4, 'Leg Press', 'Empurrar o peso com as pernas a 45 graus.', 'Pernas'),
(5, 'Supino Reto com Barra', 'Deitar no banco e empurrar a barra para cima.', 'Peito'),
(6, 'Extensão de Joelhos', 'Sentado, estender as pernas contra o peso.', 'Pernas'),
(7, 'Flexão de Joelhos', 'Deitado, flexionar as pernas contra o peso.', 'Pernas'),
(8, 'Crossover (Peito)', 'Puxar os cabos em direção ao centro do corpo.', 'Peito'),
(9, 'Remada Cavalinho', 'Puxar a barra com as duas mãos em direção ao abdômen.', 'Costas'),
(10, 'Rosca Direta com Halteres', 'Flexionar os braços com halteres em pé.', 'Braços'),
(11, 'Tríceps Testa com Barra W', 'Estender os braços acima da cabeça com a barra W.', 'Braços'),
(1, 'Corrida na Esteira', 'Simular corrida ou caminhada na esteira.', 'Cardio'),
(2, 'Pedalada na Bicicleta Ergométrica', 'Simular pedalada em bicicleta.', 'Cardio'),
(3, 'Elíptico', 'Movimento combinado de braços e pernas.', 'Cardio'),
(16, 'Agachamento no Smith', 'Agachamento guiado pela máquina Smith.', 'Pernas'),
(17, 'Puxada Alta Frontal', 'Puxar a barra do equipamento até o peito.', 'Costas'),
(18, 'Abdominal Máquina', 'Fazer a flexão abdominal na máquina.', 'Abdômen'),
(5, 'Supino Inclinado com Barra', 'Fazer o supino no banco inclinado.', 'Peito'),
(9, 'Remada Baixa Sentado', 'Puxar o peso na polia baixa.', 'Costas'),
(10, 'Elevação Lateral com Halteres', 'Levantar os halteres lateralmente até a altura do ombro.', 'Ombros'),
(10, 'Desenvolvimento com Halteres', 'Empurrar os halteres acima da cabeça.', 'Ombros'),
(22, 'Rosca Scott', 'Flexionar os braços apoiados no banco Scott.', 'Braços'),
(23, 'Panturrilha Sentada', 'Fazer a flexão plantar sentado.', 'Pernas'),
(24, 'Coice na Máquina', 'Estender a perna para trás para trabalhar o glúteo.', 'Pernas'),
(12, 'Abdominal Crunch', 'Fazer a flexão abdominal no banco regulável.', 'Abdômen'),
(1, 'Caminhada Rápida', 'Caminhada com ritmo acelerado na esteira.', 'Cardio'),
(21, 'Afundo com Caneleira', 'Fazer o afundo com peso nas pernas.', 'Pernas'),
(17, 'Pullover na Máquina', 'Puxar o peso do Lat Pulldown com os braços esticados.', 'Costas');

INSERT INTO Treino (id_aluno, duracao, descricao, frequencia) VALUES
(1, '01:00:00', 'Treino de Força e Resistência A (Peito e Tríceps).', 3),
(2, '00:45:00', 'Treino de Cardio Intenso (HIIT).', 4),
(3, '01:15:00', 'Treino de Hipertrofia B (Costas e Bíceps).', 3),
(4, '01:30:00', 'Treino de Pernas Completo e Glúteos.', 2),
(5, '01:00:00', 'Treino Funcional de Corpo Inteiro.', 5),
(6, '00:50:00', 'Treino C (Ombros e Abdômen).', 3),
(7, '00:40:00', 'Sessão de Alongamento e Mobilidade.', 7),
(8, '01:10:00', 'Treino de Força e Resistência A.', 3),
(9, '01:20:00', 'Treino de Hipertrofia B.', 3),
(10, '01:00:00', 'Treino de Pernas Intermediário.', 2),
(11, '00:45:00', 'Cardio Leve e Abdominal.', 4),
(12, '01:15:00', 'Treino de Força (Corpo Inteiro).', 3),
(13, '01:00:00', 'Treino de Resistência (Peito/Ombro).', 3),
(14, '00:55:00', 'Treino de Corrida para Maratona.', 5),
(15, '01:30:00', 'Treino de Força de Glúteos e Isquiotibiais.', 2),
(16, '01:00:00', 'Treino de Hipertrofia (Braços).', 4),
(17, '01:20:00', 'Treino de Costas Avançado.', 3),
(18, '00:40:00', 'Treino de Abdômen e Core.', 5),
(19, '01:10:00', 'Treino de Ombro e Trapézio.', 3),
(20, '01:00:00', 'Treino de Peito e Costas (Dia de Descarga).', 2),
(21, '01:25:00', 'Treino de Força Máxima (Lower Body).', 3),
(22, '00:50:00', 'Treino de Circuito Funcional.', 4),
(23, '01:05:00', 'Treino de Braços (Foco em Bíceps).', 3),
(24, '01:35:00', 'Treino de Corpo Inteiro (Full Body).', 3),
(25, '00:50:00', 'Treino de Cardio Moderado.', 5);

INSERT INTO Treino_exercicio (id_treino, id_exercicio) VALUES
(1, 5), (1, 8), (1, 11), (1, 15), (1, 12),
(2, 9), (2, 1), (2, 2), (2, 3),
(3, 9), (3, 17), (3, 25), (3, 10), (3, 19),
(4, 4), (4, 6), (4, 7), (4, 16), (4, 21),
(5, 1), (5, 9), (5, 4), (5, 18),
(6, 17), (6, 18);

INSERT INTO Modalidade (nome, descricao, nivel, status) VALUES
('Yoga Hatha', 'Foco em posturas estáticas e respiração.', 'Iniciante', 'Ativa'),
('Spinning', 'Aula de bicicleta indoor com alta intensidade.', 'Intermediário', 'Ativa'),
('Zumba', 'Aula de dança fitness com ritmos latinos.', 'Iniciante', 'Ativa'),
('Funcional Avançado', 'Treino com peso corporal e acessórios desafiadores.', 'Avançado', 'Ativa'),
('Pilates de Solo', 'Exercícios de fortalecimento do core e flexibilidade.', 'Intermediário', 'Ativa'),
('Musculação Livre', 'Uso de pesos livres e máquinas, foco em hipertrofia.', 'Avançado', 'Ativa'),
('Boxe Fitness', 'Treino de cardio e força com movimentos de boxe.', 'Intermediário', 'Ativa'),
('Alongamento', 'Sessão de alongamento para melhorar a flexibilidade.', 'Iniciante', 'Ativa'),
('Cross Training', 'Treino de alta intensidade e variação de movimentos.', 'Avançado', 'Ativa'),
('Hidroginástica', 'Exercícios na piscina de baixo impacto.', 'Iniciante', 'Inativa'),
('Powerlifting', 'Treino focado em levantamento de peso máximo.', 'Avançado', 'Ativa'),
('Step', 'Coreografia com a plataforma step.', 'Intermediário', 'Ativa'),
('Jump', 'Aula em mini-trampolim.', 'Intermediário', 'Ativa'),
('Dança de Salão', 'Aprender ritmos variados de dança.', 'Iniciante', 'Ativa'),
('GAP (Glúteo, Abdômen, Perna)', 'Aula focada em membros inferiores e core.', 'Intermediário', 'Ativa'),
('Yoga Vinyasa', 'Sequências fluidas de posturas.', 'Intermediário', 'Ativa'),
('Muay Thai', 'Arte marcial e condicionamento físico.', 'Avançado', 'Ativa'),
('Reabilitação Postural', 'Foco na correção e fortalecimento da postura.', 'Iniciante', 'Ativa'),
('Treino de Circuito', 'Estações de exercícios variados.', 'Intermediário', 'Ativa'),
('Capoeira', 'Arte marcial afro-brasileira.', 'Avançado', 'Ativa'),
('Abdominal Express', 'Sessão curta focada em abdominais.', 'Iniciante', 'Ativa'),
('Treinamento para Maratona', 'Acompanhamento para corredores de longa distância.', 'Avançado', 'Ativa'),
('Treino Suspensus', 'Uso de tecidos e suspensão.', 'Intermediário', 'Ativa'),
('Body Pump', 'Treino com barras e anilhas ao ritmo da música.', 'Intermediário', 'Ativa'),
('Kettlebell Training', 'Treino funcional com kettlebells.', 'Avançado', 'Ativa');

INSERT INTO Desafio_mensal (id_modalidade, nome, data_inicio, data_fim) VALUES
(2, 'Spinning 300km em Janeiro', '2025-01-01', '2025-01-31'),
(3, 'Desafio Zumba Fevereiro', '2025-02-01', '2025-02-28'),
(4, 'Funcional Extremo Março', '2025-03-01', '2025-03-31'),
(6, 'Abril: 1000 Repetições', '2025-04-01', '2025-04-30'),
(9, 'Maio Cross Training Master', '2025-05-01', '2025-05-31'),
(12, 'Step Challenge Junho', '2025-06-01', '2025-06-30'),
(15, 'GAP Sarado Julho', '2025-07-01', '2025-07-31'),
(1, 'Yoga Meditação Agosto', '2025-08-01', '2025-08-31'),
(7, 'Boxe Power Setembro', '2025-09-01', '2025-09-30'),
(21, 'Outubro Abdominal Monstro', '2025-10-01', '2025-10-31'),
(17, 'Muay Thai Novembro Kick', '2025-11-01', '2025-11-30'),
(13, 'Jump Dezembro Festa', '2025-12-01', '2025-12-31'),
(6, 'Desafio de Agachamento', '2026-01-01', '2026-01-31'),
(4, 'Flexões no Limite', '2026-02-01', '2026-02-28'),
(2, 'Volta ao Mundo (Spinning)', '2026-03-01', '2026-03-31'),
(15, 'Verão GAP Antecipado', '2026-04-01', '2026-04-30'),
(7, 'Soco Forte em Maio', '2026-05-01', '2026-05-31'),
(21, 'Core de Ferro', '2026-06-01', '2026-06-30'),
(9, 'Superação em Julho', '2026-07-01', '2026-07-31'),
(1, 'Equilíbrio Total', '2026-08-01', '2026-08-31'),
(12, 'Coordenação Máxima', '2026-09-01', '2026-09-30'),
(17, 'Combate de Outubro', '2026-10-01', '2026-10-31'),
(13, 'Salto de Novembro', '2026-11-01', '2026-11-30'),
(6, 'Levantamento de Peso Bruto', '2026-12-01', '2026-12-31'),
(4, 'Funcional 10k Reps', '2025-10-01', '2025-10-31');

INSERT INTO Sala (nome, numero, capacidade, tipo) VALUES
('Principal', 1, 50, 'Musculação'),
('Cardio A', 2, 30, 'Cardio'),
('Funcional Zone', 3, 20, 'Funcional'),
('Spinning Studio', 4, 25, 'Spinning'),
('Yoga & Pilates', 5, 15, 'Pilates'),
('Dança/Zumba', 6, 40, 'Dança'),
('Boxe/Lutas', 7, 18, 'Funcional'),
('Peso Livre 1', 8, 20, 'Musculação'),
('Sala de Cross', 9, 22, 'Funcional'),
('Principal 2', 10, 45, 'Musculação'),
('Cardio B', 11, 25, 'Cardio'),
('Estúdio 1', 12, 10, 'Yoga'),
('Estúdio 2', 13, 12, 'Pilates'),
('Spinning 2', 14, 20, 'Spinning'),
('Funcional Express', 15, 15, 'Funcional'),
('Peso Livre 2', 16, 25, 'Musculação'),
('Cardio C', 17, 35, 'Cardio'),
('Sala de Aulas Múltiplas', 18, 30, 'Dança'),
('Sala de Reabilitação', 19, 8, 'Pilates'),
('Sala VIP', 20, 10, 'Musculação'),
('Cardio D', 21, 20, 'Cardio'),
('Estúdio 3', 22, 10, 'Yoga'),
('Funcional Kids', 23, 15, 'Funcional'),
('Spinning Master', 24, 30, 'Spinning'),
('Sala de Avaliação', 25, 5, 'Musculação');

INSERT INTO Instrutor (nome, especialidade, turno, telefone) VALUES
('Alexandre Mendes', 'Musculação/Força', 'Integral', '(11) 98888-7777'),
('Bianca Castilho', 'Yoga/Pilates', 'Manhã', '(11) 98765-1122'),
('Carlos Rocha', 'Spinning/Cardio', 'Tarde', '(11) 99999-0000'),
('Diana Faria', 'Funcional/Zumba', 'Noite', '(11) 97777-1111'),
('Eduardo Gomes', 'Musculação/Personal Trainer', 'Integral', '(11) 96666-2222'),
('Fernanda Alves', 'Boxe/Muay Thai', 'Manhã', '(11) 95555-3333'),
('Gustavo Lima', 'Cross Training', 'Tarde', '(11) 94444-4444'),
('Helena Silva', 'Pilates/Reabilitação', 'Noite', '(11) 93333-5555'),
('Igor Pereira', 'Musculação/Hipertrofia', 'Integral', '(11) 92222-6666'),
('Júlia Santos', 'Dança de Salão', 'Manhã', '(11) 91111-7777'),
('Kevin Oliveira', 'GAP/Step', 'Tarde', '(11) 90000-8888'),
('Lívia Souza', 'Yoga Vinyasa', 'Noite', '(11) 98877-6655'),
('Marcelo Costa', 'Treinamento para Maratona', 'Manhã', '(11) 99887-7766'),
('Natasha Ribeiro', 'Body Pump/Jump', 'Integral', '(11) 97766-5544'),
('Orlando Lima', 'Kettlebell Training', 'Tarde', '(11) 96655-4433'),
('Patrícia Mendes', 'Musculação/Feminina', 'Noite', '(11) 95544-3322'),
('Quiteria Dantas', 'Pilates/Solo', 'Manhã', '(11) 94433-2211'),
('Ricardo Almeida', 'Cross Training Avançado', 'Integral', '(11) 93322-1100'),
('Sofia Moraes', 'Zumba/Ritmos', 'Tarde', '(11) 92211-0099'),
('Thiago Barbosa', 'Musculação/Iniciantes', 'Noite', '(11) 91100-9988'),
('Úrsula Pires', 'Yoga/Meditação', 'Manhã', '(11) 90099-8877'),
('Vicente Ferreira', 'Funcional Kids', 'Tarde', '(11) 98765-0011'),
('Wanda Campos', 'GAP/Abdômen', 'Noite', '(11) 98765-2233'),
('Xavier Diniz', 'Musculação/Terapia Ocupacional', 'Integral', '(11) 98765-4455'),
('Yara Nogueira', 'Spinning/Resistência', 'Manhã', '(11) 98765-6677');

INSERT INTO Aula_particular (id_aluno, id_instrutor, modalidade, data, duracao) VALUES
(1, 5, 'Musculação Avançada', '2025-12-08', '01:00:00'),
(2, 3, 'Spinning', '2025-12-09', '00:45:00'),
(4, 9, 'Treino de Força', '2025-12-10', '01:15:00'),
(5, 4, 'Funcional Personalizado', '2025-12-11', '01:00:00'),
(8, 1, 'Musculação - Costas', '2025-12-12', '01:00:00'),
(10, 11, 'Step/GAP', '2025-12-15', '00:50:00'),
(11, 2, 'Pilates Aéreo', '2025-12-16', '01:00:00'),
(13, 14, 'Body Pump Individual', '2025-12-17', '00:50:00'),
(15, 15, 'Kettlebell - Levantamento', '2025-12-18', '01:10:00'),
(18, 1, 'Musculação - Peito', '2025-12-19', '01:15:00'),
(20, 2, 'Yoga Terapêutica', '2025-12-22', '01:00:00'),
(22, 18, 'Cross Training Olímpico', '2025-12-23', '01:30:00'),
(24, 25, 'Spinning Performance', '2025-12-24', '00:45:00'),
(3, 17, 'Pilates Solo', '2025-12-26', '01:00:00'),
(6, 6, 'Muay Thai Defesa', '2025-12-27', '01:00:00'),
(9, 7, 'Cross Training Basico', '2025-12-29', '01:15:00'),
(12, 16, 'Musculação Feminina', '2026-01-02', '01:00:00'),
(14, 13, 'Treino de Corrida 5k', '2026-01-03', '01:10:00'),
(16, 24, 'Reabilitação de Joelho', '2026-01-05', '01:00:00'),
(17, 10, 'Dança de Salão - Forró', '2026-01-06', '01:00:00'),
(19, 20, 'Musculação para Terceira Idade', '2026-01-07', '01:00:00'),
(21, 5, 'Personal VIP Full Body', '2026-01-08', '01:45:00'),
(23, 11, 'Treino de Glúteos Focado', '2026-01-09', '01:00:00'),
(25, 3, 'Ajuste de Bike Spinning', '2026-01-10', '00:30:00'),
(1, 5, 'Musculação - Pernas', '2026-01-12', '01:00:00');

INSERT INTO Horario_aula (id_instrutor, id_modalidade, id_sala, horario_inicio, horario_termino, dia_semana) VALUES
(2, 1, 5, '07:00:00', '08:00:00', 'Segunda'),
(3, 2, 4, '07:00:00', '07:45:00', 'Terça'),
(4, 3, 6, '19:00:00', '20:00:00', 'Quarta'),
(7, 9, 9, '18:00:00', '19:00:00', 'Quinta'),
(11, 15, 3, '13:00:00', '14:00:00', 'Sexta'),
(12, 16, 12, '19:30:00', '20:30:00', 'Sábado'),
(1, 6, 1, '09:00:00', '10:30:00', 'Segunda'),
(10, 14, 6, '10:00:00', '11:00:00', 'Terça'),
(25, 2, 14, '06:00:00', '06:45:00', 'Quarta'),
(18, 9, 9, '17:00:00', '18:00:00', 'Quinta'),
(23, 15, 3, '14:00:00', '15:00:00', 'Sexta'),
(14, 24, 18, '11:00:00', '12:00:00', 'Sábado'),
(2, 5, 5, '08:00:00', '09:00:00', 'Segunda'),
(3, 2, 4, '12:00:00', '12:45:00', 'Terça'),
(4, 3, 6, '20:00:00', '21:00:00', 'Quarta'),
(7, 9, 9, '19:00:00', '20:00:00', 'Quinta'),
(11, 15, 3, '15:00:00', '16:00:00', 'Sexta'),
(12, 16, 12, '10:00:00', '11:00:00', 'Domingo'),
(1, 6, 1, '18:00:00', '19:30:00', 'Terça'),
(10, 14, 6, '11:00:00', '12:00:00', 'Quarta'),
(25, 2, 14, '13:00:00', '13:45:00', 'Quinta'),
(18, 9, 9, '10:00:00', '11:00:00', 'Sexta'),
(23, 15, 3, '16:00:00', '17:00:00', 'Sábado'),
(14, 24, 18, '12:00:00', '13:00:00', 'Domingo'),
(22, 4, 3, '17:00:00', '18:00:00', 'Segunda');

INSERT INTO Evento (nome, data, local, descricao, horario) VALUES
('Festa de Final de Ano', '2025-12-20', 'Salão de Eventos', 'Confraternização da academia.', '20:00:00'),
('Maratona de Spinning', '2026-01-25', 'Spinning Studio', '4 horas seguidas de Spinning com revezamento.', '09:00:00'),
('Workshop de Yoga', '2026-02-15', 'Yoga & Pilates', 'Técnicas avançadas de meditação e asanas.', '14:00:00'),
('Campeonato de Cross Training', '2026-03-08', 'Sala de Cross', 'Desafio de LPO, Endurance e Ginástica.', '10:00:00'),
('Aulão de Zumba ao Ar Livre', '2026-04-12', 'Parque Central', 'Mega aula de Zumba com 3 instrutores.', '16:00:00'),
('Palestra Nutrição Esportiva', '2026-05-05', 'Salão de Eventos', 'Como otimizar a dieta para performance.', '19:30:00'),
('Dia do Cliente', '2026-06-01', 'Recepção', 'Brindes, degustação e avaliação física gratuita.', '08:00:00'),
('Torneio de Boxe Amador', '2026-07-19', 'Boxe/Lutas', 'Lutas entre alunos e convidados.', '15:00:00'),
('Semana da Saúde Mental', '2026-08-03', 'Estúdio 1', 'Sessões de meditação e relaxamento.', '18:00:00'),
('Desafio de Flexão de Braço', '2026-09-10', 'Principal', 'Competição de repetições máximas em 1 minuto.', '11:00:00'),
('Halloween Fitness', '2026-10-31', 'Todas as salas', 'Aulas temáticas de terror.', '19:00:00'),
('Black Friday de Planos', '2026-11-27', 'Recepção', 'Promoção especial de planos anuais.', '08:00:00'),
('Aula de Natal', '2026-12-24', 'Sala de Aulas Múltiplas', 'Aula especial de confraternização natalina.', '10:00:00'),
('Reabertura da Sala de Cardio', '2026-01-05', 'Cardio A', 'Inauguração de novos equipamentos.', '17:00:00'),
('Encontro de Corredores', '2026-02-28', 'Parque Municipal', 'Treino em grupo para maratonistas.', '07:00:00'),
('Aulão de Carnaval (Zumba/Axé)', '2026-02-10', 'Dança/Zumba', 'Aula especial de ritmos de carnaval.', '19:00:00'),
('Avaliação Física Gratuita', '2026-03-15', 'Sala de Avaliação', 'Check-up completo para todos os alunos.', '09:00:00'),
('Treino Funcional na Praia', '2026-04-05', 'Praia do Forte', 'Treino funcional na areia.', '08:00:00'),
('Dia das Mães Fitness', '2026-05-10', 'Principal', 'Treino especial para mães e filhos.', '09:00:00'),
('Desafio de Corda Naval', '2026-06-12', 'Sala de Cross', 'Competição de resistência com corda naval.', '18:30:00'),
('Seminário de Primeiros Socorros', '2026-07-07', 'Salão de Eventos', 'Treinamento para emergências na academia.', '19:00:00'),
('Foco no Abdominal', '2026-08-14', 'Funcional Zone', 'Aula de 1 hora focada somente em Core.', '12:30:00'),
('Mutirão de Limpeza', '2026-09-01', 'Todas as áreas', 'Evento de organização e limpeza da academia.', '07:00:00'),
('Palestra de Motivação', '2026-10-20', 'Salão de Eventos', 'Motivação para atingir metas de final de ano.', '20:00:00'),
('Aulão de Despedida', '2025-12-30', 'Principal', 'Último treino do ano.', '18:00:00');

INSERT INTO Evento_aluno (id_evento, id_aluno) VALUES
(1, 1), (1, 2), (1, 3), (1, 4), (1, 5), (1, 6), (1, 7),
(2, 2), (2, 8), (2, 10),
(3, 11), (3, 12), (3, 13),
(4, 15), (4, 16), (4, 17), (4, 18),
(5, 19), (5, 20), (5, 21),
(6, 1), (6, 25), (6, 24),
(14, 2), (15, 14);

INSERT INTO Evento_instrutor (id_evento, id_instrutor) VALUES
(1, 1), (1, 2), (1, 3), (1, 4), (1, 5),
(2, 3), (2, 25),
(3, 2), (3, 12), (3, 21),
(4, 7), (4, 18), (4, 25),
(5, 4), (5, 19),
(6, 5), (6, 24),
(7, 1), (7, 2), (7, 3), (7, 4),
(8, 6), (8, 17),
(9, 2), (9, 21);

INSERT INTO Feedback (id_aluno, id_instrutor, comentario, data_feedback) VALUES
(1, 5, 'Excelente instrutor! Me ajudou muito na execução do supino.', '2025-12-05'),
(2, 3, 'As aulas de Spinning do Carlos são as melhores, muito motivador.', '2025-12-04'),
(3, 17, 'A instrutora de Pilates é muito atenciosa e corrige a postura.', '2025-11-30'),
(4, 9, 'Igor é um ótimo personal, sinto que estou progredindo rapidamente.', '2025-12-01'),
(5, 4, 'Adoro as aulas de Funcional, a Diana é muito enérgica.', '2025-11-28'),
(6, 6, 'Fernanda é muito técnica no Muay Thai, aprendi muito.', '2025-12-03'),
(7, 8, 'A aula de alongamento da Helena aliviou minhas dores nas costas.', '2025-12-06'),
(8, 1, 'Alexandre passa treinos desafiadores, mas eficazes.', '2025-12-07'),
(9, 7, 'Gustavo é fera no Cross Training, o treino é insano!', '2025-12-02'),
(10, 11, 'Kevin explica muito bem os movimentos do GAP.', '2025-12-05'),
(11, 2, 'Bianca é muito calma e didática nas aulas de Yoga.', '2025-12-03'),
(12, 16, 'Patrícia me deu excelentes dicas para o treino de glúteos.', '2025-12-04'),
(13, 14, 'Natasha é contagiante nas aulas de Body Pump.', '2025-12-01'),
(14, 13, 'Marcelo me deu um plano de treino para maratona muito bom.', '2025-11-29'),
(15, 15, 'Orlando é especialista em Kettlebell, o treino foi top.', '2025-11-27'),
(16, 1, 'Treino de braços excelente, senti muito o músculo.', '2025-11-26'),
(17, 20, 'Thiago foi super paciente ao explicar o uso dos equipamentos.', '2025-11-25'),
(18, 5, 'Eduardo sempre me ajuda a corrigir a postura nos exercícios.', '2025-12-08'),
(19, 23, 'Wanda é ótima nas aulas focadas em Core.', '2025-12-09'),
(20, 21, 'Úrsula tem uma voz muito relaxante para a meditação.', '2025-12-10'),
(21, 18, 'Ricardo sempre motiva a dar o máximo no Cross Training.', '2025-12-11'),
(22, 22, 'Vicente é ótimo com a turma infantil, muita energia!', '2025-12-12'),
(23, 24, 'Xavier ajudou muito com meu desconforto no ombro.', '2025-12-13'),
(24, 25, 'Yara dá um ritmo muito bom nas aulas de Spinning.', '2025-12-14'),
(25, 1, 'Alexandre sempre sorridente e pronto para ajudar.', '2025-12-15');

INSERT INTO Nutricionista (nome, telefone, email, crn) VALUES
('Marta Ferreira', '(11) 91111-2222', 'marta.ferreira@nutri.com', 'CRN3-12345'),
('Pedro Henrique', '(11) 92222-3333', 'pedro.henrique@nutri.com', 'CRN3-23456'),
('Sofia Tavares', '(11) 93333-4444', 'sofia.tavares@nutri.com', 'CRN3-34567'),
('Ricardo Sá', '(11) 94444-5555', 'ricardo.sa@nutri.com', 'CRN3-45678'),
('Gabriela Lima', '(11) 95555-6666', 'gabriela.lima@nutri.com', 'CRN3-56789'),
('João Marcelo', '(11) 96666-7777', 'joao.marcelo@nutri.com', 'CRN3-67890'),
('Ana Paula Cruz', '(11) 97777-8888', 'ana.cruz@nutri.com', 'CRN3-78901'),
('Luís Fernando', '(11) 98888-9999', 'luis.fernando@nutri.com', 'CRN3-89012'),
('Camila Borges', '(11) 99999-0000', 'camila.borges@nutri.com', 'CRN3-90123'),
('Diego Martins', '(11) 90000-1111', 'diego.martins@nutri.com', 'CRN3-01234'),
('Elaine Souza', '(11) 91010-2020', 'elaine.souza@nutri.com', 'CRN3-10203'),
('Fábio Ricardo', '(11) 92121-3131', 'fabio.ricardo@nutri.com', 'CRN3-21314'),
('Hellen Cristina', '(11) 93232-4242', 'hellen.cristina@nutri.com', 'CRN3-32425'),
('Ivan Santos', '(11) 94343-5353', 'ivan.santos@nutri.com', 'CRN3-43536'),
('Jéssica Melo', '(11) 95454-6464', 'jessica.melo@nutri.com', 'CRN3-54647'),
('Kauan Pires', '(11) 96565-7575', 'kauan.pires@nutri.com', 'CRN3-65758'),
('Larissa Bueno', '(11) 97676-8686', 'larissa.bueno@nutri.com', 'CRN3-76869'),
('Maurício Rangel', '(11) 98787-9797', 'mauricio.rangel@nutri.com', 'CRN3-87970'),
('Nicole Antunes', '(11) 99898-0808', 'nicole.antunes@nutri.com', 'CRN3-98081'),
('Osmar Valente', '(11) 90909-1919', 'osmar.valente@nutri.com', 'CRN3-09192'),
('Priscila Naves', '(11) 91234-5678', 'priscila.naves@nutri.com', 'CRN3-12378'),
('Quentin Tavares', '(11) 92345-6789', 'quentin.tavares@nutri.com', 'CRN3-23459'),
('Renata Vidal', '(11) 93456-7890', 'renata.vidal@nutri.com', 'CRN3-34560'),
('Samuel Xavier', '(11) 94567-8901', 'samuel.xavier@nutri.com', 'CRN3-45671'),
('Talita Zanini', '(11) 95678-9012', 'talita.zanini@nutri.com', 'CRN3-56782');

INSERT INTO Plano_alimentar (id_aluno, id_nutricionista, descricao, data_inicio) VALUES
(1, 1, 'Dieta de hipertrofia com foco em alto consumo proteico.', '2025-11-01'),
(2, 2, 'Plano alimentar para perda de peso e controle de gordura.', '2025-11-15'),
(4, 3, 'Dieta balanceada para manutenção de peso e energia.', '2025-12-01'),
(5, 4, 'Plano de alimentação para atletas de alta performance.', '2025-12-10'),
(8, 5, 'Dieta vegetariana com foco em micronutrientes.', '2025-12-15'),
(9, 6, 'Plano para aumento de massa magra e definição.', '2025-11-20'),
(11, 7, 'Alimentação para controle de glicemia e energia constante.', '2025-12-05'),
(12, 8, 'Dieta low carb para iniciantes.', '2025-12-20'),
(14, 9, 'Plano de hidratação e alimentação para corredores.', '2025-11-25'),
(15, 10, 'Dieta flexível com contagem de macronutrientes.', '2025-12-08'),
(16, 11, 'Plano para recuperação muscular pós-treino intenso.', '2025-12-01'),
(18, 12, 'Dieta de jejum intermitente com janelas de alimentação.', '2025-11-10'),
(19, 13, 'Plano alimentar sem glúten e sem lactose.', '2025-12-12'),
(21, 14, 'Dieta para ganho de peso saudável (bulking).', '2025-11-05'),
(22, 15, 'Plano com foco em desintoxicação e alimentos naturais.', '2025-12-03'),
(24, 16, 'Dieta mediterrânea adaptada para o treino.', '2025-11-28'),
(25, 17, 'Plano com suplementação otimizada para resistência.', '2025-12-18'),
(3, 18, 'Plano de reeducação alimentar.', '2025-10-01'),
(6, 19, 'Dieta rica em fibras e vitaminas.', '2025-10-15'),
(7, 20, 'Alimentação para redução de inflamação.', '2025-11-01'),
(10, 21, 'Dieta para melhora da performance esportiva.', '2025-11-03'),
(13, 22, 'Plano de alimentação para gestantes que treinam.', '2025-11-08'),
(17, 23, 'Dieta para controle de colesterol.', '2025-11-12'),
(20, 24, 'Plano vegano para atletas.', '2025-11-17'),
(23, 25, 'Dieta de corte calórico (cutting).', '2025-11-22');